"","V1","Application","Strain","Insecticide","Dose","Intensity","Subjects","Responded","Mortality_perc","lower","upper","dat"
"1",64,"Tarsal","Banfora","Permethrin",2e-05,2.66e-05,20,0,0,NA,NA,NA
"2",65,"Tarsal","Banfora","Permethrin",4e-05,5.32e-05,22,1,4.545454545,NA,NA,NA
"3",66,"Tarsal","Banfora","Permethrin",6e-05,7.98e-05,19,0,0,NA,NA,NA
"4",67,"Tarsal","Banfora","Permethrin",8e-05,0.0001064,41,0,0,NA,NA,NA
"5",68,"Tarsal","Banfora","Permethrin",1e-04,0.000133,18,1,5.555555556,NA,NA,NA
"6",69,"Tarsal","Banfora","Permethrin",2e-04,0.000266,19,1,5.263157895,NA,NA,NA
"7",70,"Tarsal","Banfora","Permethrin",4e-04,0.000532,21,0,0,NA,NA,NA
"8",71,"Tarsal","Banfora","Permethrin",6e-04,0.000798,22,1,4.545454545,NA,NA,NA
"9",72,"Tarsal","Banfora","Permethrin",8e-04,0.001064,21,6,28.57142857,NA,NA,NA
"10",73,"Tarsal","Banfora","Permethrin",0.001,0.00133,19,2,10.52631579,NA,NA,NA
"11",74,"Tarsal","Banfora","Permethrin",0.01,0.0133,12,12,100,NA,NA,NA
"12",NA,NA,"Banfora","Permethrin",0,NA,NA,NA,0,0,0,"sim"
"13",NA,NA,"Banfora","Permethrin",7.91161481279192e-06,NA,NA,NA,0.00551119396884947,0,0.0517739929037319,"sim"
"14",NA,NA,"Banfora","Permethrin",3.16464592511677e-05,NA,NA,NA,0.0357234692365453,5.54001289287953e-11,0.295808641691177,"sim"
"15",NA,NA,"Banfora","Permethrin",7.12045333151272e-05,NA,NA,NA,0.117081635440095,2.0021309055096e-08,0.808289045082584,"sim"
"16",NA,NA,"Banfora","Permethrin",0.000126585837004671,NA,NA,NA,0.288823371828468,1.22453941708844e-06,1.68481325905012,"sim"
"17",NA,NA,"Banfora","Permethrin",0.000197790370319798,NA,NA,NA,0.610310919884977,3.63372567135922e-05,3.00073089722883,"sim"
"18",NA,NA,"Banfora","Permethrin",0.000284818133260509,NA,NA,NA,1.1724627787124,0.00051754668777354,4.79593235501811,"sim"
"19",NA,NA,"Banfora","Permethrin",0.000387669125826804,NA,NA,NA,2.11606037046387,0.00426652253481791,7.09210733043736,"sim"
"20",NA,NA,"Banfora","Permethrin",0.000506343348018683,NA,NA,NA,3.66073439197498,0.0302576560814941,10.1130008635821,"sim"
"21",NA,NA,"Banfora","Permethrin",0.000640840799836145,NA,NA,NA,6.14756443308907,0.165035369780626,14.1076410782414,"sim"
"22",NA,NA,"Banfora","Permethrin",0.000791161481279191,NA,NA,NA,10.0844238348286,0.639361999695261,20.0292825415255,"sim"
"23",NA,NA,"Banfora","Permethrin",0.000957305392347822,NA,NA,NA,16.1433919057144,1.95144150095299,30.9566111797098,"sim"
"24",NA,NA,"Banfora","Permethrin",0.00113927253304204,NA,NA,NA,24.8844631857286,4.00298987326265,52.1555431985911,"sim"
"25",NA,NA,"Banfora","Permethrin",0.00133706290336183,NA,NA,NA,35.7308692474951,7.0396817112978,79.211214218655,"sim"
"26",NA,NA,"Banfora","Permethrin",0.00155067650330722,NA,NA,NA,46.7001246006267,10.655574803379,96.3469129749998,"sim"
"27",NA,NA,"Banfora","Permethrin",0.00178011333287818,NA,NA,NA,56.3849495893057,15.0915972730853,99.8197859156158,"sim"
"28",NA,NA,"Banfora","Permethrin",0.00202537339207473,NA,NA,NA,64.455413739725,19.9138885350787,99.9984695170339,"sim"
"29",NA,NA,"Banfora","Permethrin",0.00228645668089686,NA,NA,NA,71.0427222490147,24.6425165632133,99.9999972453554,"sim"
"30",NA,NA,"Banfora","Permethrin",0.00256336319934458,NA,NA,NA,76.3806981949681,29.4122923428984,99.9999999971857,"sim"
"31",NA,NA,"Banfora","Permethrin",0.00285609294741788,NA,NA,NA,80.6978363085434,34.4637973430189,99.9999999999973,"sim"
"32",NA,NA,"Banfora","Permethrin",0.00316464592511677,NA,NA,NA,84.1844568053325,39.6413971396058,100,"sim"
"33",NA,NA,"Banfora","Permethrin",0.00348902213244123,NA,NA,NA,87.0183509603119,44.7880592701535,100,"sim"
"34",NA,NA,"Banfora","Permethrin",0.00382922156939129,NA,NA,NA,89.3321510533244,49.8341967163414,100,"sim"
"35",NA,NA,"Banfora","Permethrin",0.00418524423596692,NA,NA,NA,91.2238584461059,54.4239352105581,100,"sim"
"36",NA,NA,"Banfora","Permethrin",0.00455709013216814,NA,NA,NA,92.777378342987,59.1669974612522,100,"sim"
"37",NA,NA,"Banfora","Permethrin",0.00494475925799495,NA,NA,NA,94.058884076632,63.227456033716,100,"sim"
"38",NA,NA,"Banfora","Permethrin",0.00534825161344734,NA,NA,NA,95.1114124194519,67.2541762923358,100,"sim"
"39",NA,NA,"Banfora","Permethrin",0.00576756719852531,NA,NA,NA,95.9738583505964,71.0305896663286,100,"sim"
"40",NA,NA,"Banfora","Permethrin",0.00620270601322886,NA,NA,NA,96.6807205551191,74.5385128522495,100,"sim"
"41",NA,NA,"Banfora","Permethrin",0.006653668057558,NA,NA,NA,97.2597521035587,77.571061301419,100,"sim"
"42",NA,NA,"Banfora","Permethrin",0.00712045333151272,NA,NA,NA,97.7370249043847,80.4500191058584,100,"sim"
"43",NA,NA,"Banfora","Permethrin",0.00760306183509303,NA,NA,NA,98.1309753652138,83.0729271614129,100,"sim"
"44",NA,NA,"Banfora","Permethrin",0.00810149356829892,NA,NA,NA,98.4533523420023,85.3229426968281,100,"sim"
"45",NA,NA,"Banfora","Permethrin",0.00861574853113039,NA,NA,NA,98.7157617071572,87.3211206627974,100,"sim"
"46",NA,NA,"Banfora","Permethrin",0.00914582672358745,NA,NA,NA,98.9293554861381,89.032624523424,100,"sim"
"47",NA,NA,"Banfora","Permethrin",0.00969172814567009,NA,NA,NA,99.1026570887614,90.6267654066344,100,"sim"
"48",NA,NA,"Banfora","Permethrin",0.0102534527973783,NA,NA,NA,99.2431328298271,91.8545422354843,100,"sim"
"49",NA,NA,"Banfora","Permethrin",0.0108310006787121,NA,NA,NA,99.3578615096789,92.8982601949284,100,"sim"
"50",NA,NA,"Banfora","Permethrin",0.0114243717896715,NA,NA,NA,99.4524502098794,93.6851893119459,100,"sim"
"51",NA,NA,"Banfora","Permethrin",0.0120335661302565,NA,NA,NA,99.5309389127539,94.5069389254341,100,"sim"
"52",NA,NA,"Banfora","Permethrin",0.0126585837004671,NA,NA,NA,99.5963614249649,95.2085986392482,100,"sim"
"53",NA,NA,"Banfora","Permethrin",0.0132994245003032,NA,NA,NA,99.6511018126039,95.8828846361033,100,"sim"
"54",NA,NA,"Banfora","Permethrin",0.0139560885297649,NA,NA,NA,99.6970696613062,96.4501819515415,100,"sim"
"55",NA,NA,"Banfora","Permethrin",0.0146285757888522,NA,NA,NA,99.7358069022538,96.9292467848604,100,"sim"
"56",NA,NA,"Banfora","Permethrin",0.0153168862775651,NA,NA,NA,99.7685651560167,97.3111356656692,100,"sim"
"57",NA,NA,"Banfora","Permethrin",0.0160210199959036,NA,NA,NA,99.7963646033276,97.7022745320613,100,"sim"
"58",NA,NA,"Banfora","Permethrin",0.0167409769438677,NA,NA,NA,99.8200395873324,98.0033317216491,100,"sim"
"59",NA,NA,"Banfora","Permethrin",0.0174767571214573,NA,NA,NA,99.8402743966567,98.2578947877195,100,"sim"
"60",NA,NA,"Banfora","Permethrin",0.0182283605286726,NA,NA,NA,99.8576316451809,98.4984630727421,100,"sim"
"61",NA,NA,"Banfora","Permethrin",0.0189957871655134,NA,NA,NA,99.8725749704149,98.6779053091303,100,"sim"
"62",NA,NA,"Banfora","Permethrin",0.0197790370319798,NA,NA,NA,99.8854873009819,98.8207548104422,100,"sim"
"63",NA,NA,"Banfora","Permethrin",0.0205781101280718,NA,NA,NA,99.8966856219057,98.9756308765501,100,"sim"
"64",NA,NA,"Banfora","Permethrin",0.0213930064537893,NA,NA,NA,99.9064329439914,99.0917076857272,100,"sim"
"65",NA,NA,"Banfora","Permethrin",0.0222237260091325,NA,NA,NA,99.9149480260766,99.176123865416,100,"sim"
"66",NA,NA,"Banfora","Permethrin",0.0230702687941012,NA,NA,NA,99.92241328363,99.2860323642437,100,"sim"
"67",NA,NA,"Banfora","Permethrin",0.0239326348086955,NA,NA,NA,99.9289812298969,99.3616996768997,100,"sim"
"68",NA,NA,"Banfora","Permethrin",0.0248108240529154,NA,NA,NA,99.9347797279359,99.4346359135503,100,"sim"
"69",NA,NA,"Banfora","Permethrin",0.0257048365267609,NA,NA,NA,99.9399162781624,99.5000220622511,100,"sim"
"70",NA,NA,"Banfora","Permethrin",0.026614672230232,NA,NA,NA,99.9444815230184,99.5482460033333,100,"sim"
"71",NA,NA,"Banfora","Permethrin",0.0275403311633287,NA,NA,NA,99.9485521157767,99.610569439465,100,"sim"
"72",NA,NA,"Banfora","Permethrin",0.0284818133260509,NA,NA,NA,99.9521930725366,99.6572096832264,100,"sim"
"73",NA,NA,"Banfora","Permethrin",0.0294391187183987,NA,NA,NA,99.955459703859,99.6944737689654,100,"sim"
"74",NA,NA,"Banfora","Permethrin",0.0304122473403721,NA,NA,NA,99.9583992041963,99.7282835247109,100,"sim"
"75",NA,NA,"Banfora","Permethrin",0.0314011991919711,NA,NA,NA,99.9610519624502,99.7567231961657,100,"sim"
"76",NA,NA,"Banfora","Permethrin",0.0324059742731957,NA,NA,NA,99.9634526449972,99.7848136664234,100,"sim"
"77",NA,NA,"Banfora","Permethrin",0.0334265725840458,NA,NA,NA,99.9656310928066,99.8035083625892,100,"sim"
"78",NA,NA,"Banfora","Permethrin",0.0344629941245216,NA,NA,NA,99.9676130664148,99.8303505596792,100,"sim"
"79",NA,NA,"Banfora","Permethrin",0.0355152388946229,NA,NA,NA,99.96942086616,99.8458912787369,100,"sim"
"80",NA,NA,"Banfora","Permethrin",0.0365833068943498,NA,NA,NA,99.9710738499364,99.8597962701202,100,"sim"
"81",NA,NA,"Banfora","Permethrin",0.0376671981237023,NA,NA,NA,99.9725888665696,99.8742153095711,100,"sim"
"82",NA,NA,"Banfora","Permethrin",0.0387669125826804,NA,NA,NA,99.9739806195544,99.889051943394,100,"sim"
"83",NA,NA,"Banfora","Permethrin",0.039882450271284,NA,NA,NA,99.9752619731752,99.9004145656854,100,"sim"
"84",NA,NA,"Banfora","Permethrin",0.0410138111895133,NA,NA,NA,99.9764442108345,99.9088984888814,100,"sim"
"85",NA,NA,"Banfora","Permethrin",0.0421609953373681,NA,NA,NA,99.9775372536333,99.9200568692676,100,"sim"
"86",NA,NA,"Banfora","Permethrin",0.0433240027148485,NA,NA,NA,99.9785498458057,99.9286446333489,100,"sim"
"87",NA,NA,"Banfora","Permethrin",0.0445028333219545,NA,NA,NA,99.979489712439,99.9341801015789,100,"sim"
"88",NA,NA,"Banfora","Permethrin",0.0456974871586861,NA,NA,NA,99.9803636939598,99.9412727284237,100,"sim"
"89",NA,NA,"Banfora","Permethrin",0.0469079642250433,NA,NA,NA,99.9811778610899,99.9482050714538,100,"sim"
"90",NA,NA,"Banfora","Permethrin",0.048134264521026,NA,NA,NA,99.9819376133447,99.9517289383869,100,"sim"
"91",NA,NA,"Banfora","Permethrin",0.0493763880466343,NA,NA,NA,99.982647763625,99.955507561922,100,"sim"
"92",NA,NA,"Banfora","Permethrin",0.0506343348018682,NA,NA,NA,99.9833126110328,99.9584448183734,100,"sim"
"93",NA,NA,"Banfora","Permethrin",0.0519081047867278,NA,NA,NA,99.983936003688,99.9619039719178,100,"sim"
"94",NA,NA,"Banfora","Permethrin",0.0531976980012128,NA,NA,NA,99.9845213930364,99.9652153371609,100,"sim"
"95",NA,NA,"Banfora","Permethrin",0.0545031144453235,NA,NA,NA,99.9850718809003,99.9682728268021,100,"sim"
"96",NA,NA,"Banfora","Permethrin",0.0558243541190597,NA,NA,NA,99.985590260326,99.970693006482,100,"sim"
"97",NA,NA,"Banfora","Permethrin",0.0571614170224216,NA,NA,NA,99.9860790511169,99.9727864921258,100,"sim"
"98",NA,NA,"Banfora","Permethrin",0.058514303155409,NA,NA,NA,99.9865405308049,99.975054623979,100,"sim"
"99",NA,NA,"Banfora","Permethrin",0.059883012518022,NA,NA,NA,99.9869767616987,99.9777126834828,100,"sim"
"100",NA,NA,"Banfora","Permethrin",0.0612675451102606,NA,NA,NA,99.98738961455,99.979241744061,100,"sim"
"101",NA,NA,"Banfora","Permethrin",0.0626679009321248,NA,NA,NA,99.9877807893003,99.9806987768539,100,"sim"
"102",NA,NA,"Banfora","Permethrin",0.0640840799836145,NA,NA,NA,99.9881518333011,99.9822452963528,100,"sim"
"103",NA,NA,"Banfora","Permethrin",0.0655160822647299,NA,NA,NA,99.988504157346,99.9835190494612,100,"sim"
"104",NA,NA,"Banfora","Permethrin",0.0669639077754708,NA,NA,NA,99.9888390498003,99.9849650574913,100,"sim"
"105",NA,NA,"Banfora","Permethrin",0.0684275565158373,NA,NA,NA,99.9891576890791,99.9861462590902,100,"sim"
"106",NA,NA,"Banfora","Permethrin",0.0699070284858294,NA,NA,NA,99.9894611546834,99.9872185669009,100,"sim"
"107",NA,NA,"Banfora","Permethrin",0.071402323685447,NA,NA,NA,99.9897504369803,99.9882098346662,100,"sim"
"108",NA,NA,"Banfora","Permethrin",0.0729134421146903,NA,NA,NA,99.9900264458827,99.9891173160569,100,"sim"
"109",NA,NA,"Banfora","Permethrin",0.0744403837735591,NA,NA,NA,99.9902900185676,99.9897768636759,100,"sim"
"110",NA,NA,"Banfora","Permethrin",0.0759831486620535,NA,NA,NA,99.990541926349,99.9905395985698,100,"sim"
"111",NA,NA,"Banfora","Permethrin",0.0775417367801736,NA,NA,NA,99.99078288081,99.9910820120137,100,"sim"
"112",NA,NA,"Banfora","Permethrin",0.0791161481279191,NA,NA,NA,99.9910135392812,99.9918860454602,100,"sim"
"113",NA,NA,"Banfora","Permethrin",0.0807063827052903,NA,NA,NA,99.9912345097435,99.9924500002,100,"sim"
"114",NA,NA,"Banfora","Permethrin",0.0823124405122871,NA,NA,NA,99.9914463552241,99.9930981711987,100,"sim"
"115",NA,NA,"Banfora","Permethrin",0.0839343215489094,NA,NA,NA,99.9916495977411,99.9934097081418,100,"sim"
"116",NA,NA,"Banfora","Permethrin",0.0855720258151574,NA,NA,NA,99.9918447218525,99.9937519335925,100,"sim"
"117",NA,NA,"Banfora","Permethrin",0.0872255533110309,NA,NA,NA,99.99203217785,99.9941243306147,100,"sim"
"118",NA,NA,"Banfora","Permethrin",0.0888949040365299,NA,NA,NA,99.9922123846411,99.9943958324109,100,"sim"
"119",NA,NA,"Banfora","Permethrin",0.0905800779916546,NA,NA,NA,99.9923857323509,99.9947451033198,100,"sim"
"120",NA,NA,"Banfora","Permethrin",0.0922810751764049,NA,NA,NA,99.9925525846758,99.9951005765518,100,"sim"
"121",NA,NA,"Banfora","Permethrin",0.0939978955907807,NA,NA,NA,99.9927132810154,99.9954029308285,100,"sim"
"122",NA,NA,"Banfora","Permethrin",0.0957305392347822,NA,NA,NA,99.9928681384056,99.9956861014166,100,"sim"
"123",NA,NA,"Banfora","Permethrin",0.0974790061084092,NA,NA,NA,99.9930174532743,99.995969421099,100,"sim"
"124",NA,NA,"Banfora","Permethrin",0.0992432962116618,NA,NA,NA,99.9931615030388,99.9962778171113,100,"sim"
"125",NA,NA,"Banfora","Permethrin",0.10102340954454,NA,NA,NA,99.9933005475592,99.9964404173388,100,"sim"
"126",NA,NA,"Banfora","Permethrin",0.102819346107044,NA,NA,NA,99.9934348304638,99.9965833128211,100,"sim"
"127",NA,NA,"Banfora","Permethrin",0.104631105899173,NA,NA,NA,99.9935645803595,99.9967192981106,100,"sim"
"128",NA,NA,"Banfora","Permethrin",0.106458688920928,NA,NA,NA,99.9936900119372,99.996895234246,100,"sim"
"129",NA,NA,"Banfora","Permethrin",0.108302095172309,NA,NA,NA,99.9938113269839,99.9971086785887,100,"sim"
"130",NA,NA,"Banfora","Permethrin",0.110161324653315,NA,NA,NA,99.993928715309,99.9972370208289,100,"sim"
"131",NA,NA,"Banfora","Permethrin",0.112036377363946,NA,NA,NA,99.9940423555949,99.9973588812178,100,"sim"
"132",NA,NA,"Banfora","Permethrin",0.113927253304204,NA,NA,NA,99.9941524161764,99.9975773356551,100,"sim"
"133",NA,NA,"Banfora","Permethrin",0.115833952474086,NA,NA,NA,99.9942590557586,99.9976998450674,100,"sim"
"134",NA,NA,"Banfora","Permethrin",0.117756474873595,NA,NA,NA,99.994362424076,99.9978969939459,100,"sim"
"135",NA,NA,"Banfora","Permethrin",0.119694820502729,NA,NA,NA,99.9944626625,99.9980177458447,100,"sim"
"136",NA,NA,"Banfora","Permethrin",0.121648989361488,NA,NA,NA,99.9945599045991,99.9980997156695,100,"sim"
"137",NA,NA,"Banfora","Permethrin",0.123618981449874,NA,NA,NA,99.9946542766552,99.9981779908064,100,"sim"
"138",NA,NA,"Banfora","Permethrin",0.125604796767884,NA,NA,NA,99.994745898141,99.9982509651334,100,"sim"
"139",NA,NA,"Banfora","Permethrin",0.127606435315521,NA,NA,NA,99.9948348821607,99.9983204730947,100,"sim"
"140",NA,NA,"Banfora","Permethrin",0.129623897092783,NA,NA,NA,99.9949213358583,99.9983867047586,100,"sim"
"141",NA,NA,"Banfora","Permethrin",0.13165718209967,NA,NA,NA,99.9950053607953,99.9984504367249,100,"sim"
"142",NA,NA,"Banfora","Permethrin",0.133706290336183,NA,NA,NA,99.9950870533007,99.9985190729493,100,"sim"
"143",NA,NA,"Banfora","Permethrin",0.135771221802322,NA,NA,NA,99.9951665047956,99.998590412865,100,"sim"
"144",NA,NA,"Banfora","Permethrin",0.137851976498086,NA,NA,NA,99.9952438020951,99.9986649461078,100,"sim"
"145",NA,NA,"Banfora","Permethrin",0.139948554423476,NA,NA,NA,99.9953190276879,99.9987314404144,100,"sim"
"146",NA,NA,"Banfora","Permethrin",0.142060955578492,NA,NA,NA,99.9953922599965,99.9987941817211,100,"sim"
"147",NA,NA,"Banfora","Permethrin",0.144189179963133,NA,NA,NA,99.9954635736198,99.9988535475013,100,"sim"
"148",NA,NA,"Banfora","Permethrin",0.146333227577399,NA,NA,NA,99.9955330395582,99.9989105020739,100,"sim"
"149",NA,NA,"Banfora","Permethrin",0.148493098421291,NA,NA,NA,99.9956007254237,99.9989586462397,100,"sim"
"150",NA,NA,"Banfora","Permethrin",0.150668792494809,NA,NA,NA,99.9956666956361,99.9989972024715,100,"sim"
"151",NA,NA,"Banfora","Permethrin",0.152860309797953,NA,NA,NA,99.9957310116051,99.9990453234319,100,"sim"
"152",NA,NA,"Banfora","Permethrin",0.155067650330722,NA,NA,NA,99.9957937319014,99.9991020525584,100,"sim"
"153",NA,NA,"Banfora","Permethrin",0.157290814093116,NA,NA,NA,99.995854912416,99.999138351587,100,"sim"
"154",NA,NA,"Banfora","Permethrin",0.159529801085136,NA,NA,NA,99.9959146065087,99.9991683401127,100,"sim"
"155",NA,NA,"Banfora","Permethrin",0.161784611306782,NA,NA,NA,99.995972865148,99.999198900086,100,"sim"
"156",NA,NA,"Banfora","Permethrin",0.164055244758053,NA,NA,NA,99.9960297370414,99.9992410418461,100,"sim"
"157",NA,NA,"Banfora","Permethrin",0.16634170143895,NA,NA,NA,99.9960852687571,99.9992662941541,100,"sim"
"158",NA,NA,"Banfora","Permethrin",0.168643981349472,NA,NA,NA,99.9961395048391,99.9992905410798,100,"sim"
"159",NA,NA,"Banfora","Permethrin",0.17096208448962,NA,NA,NA,99.9961924879141,99.9993138291381,100,"sim"
"160",NA,NA,"Banfora","Permethrin",0.173296010859394,NA,NA,NA,99.9962442587923,99.999339723006,100,"sim"
"161",NA,NA,"Banfora","Permethrin",0.175645760458793,NA,NA,NA,99.9962948565619,99.9993740376669,100,"sim"
"162",NA,NA,"Banfora","Permethrin",0.178011333287818,NA,NA,NA,99.9963443186778,99.9994102316714,100,"sim"
"163",NA,NA,"Banfora","Permethrin",0.180392729346468,NA,NA,NA,99.9963926810452,99.9994367755884,100,"sim"
"164",NA,NA,"Banfora","Permethrin",0.182789948634744,NA,NA,NA,99.9964399780979,99.9994652215331,100,"sim"
"165",NA,NA,"Banfora","Permethrin",0.185202991152646,NA,NA,NA,99.9964862428722,99.9994913880591,100,"sim"
"166",NA,NA,"Banfora","Permethrin",0.187631856900173,NA,NA,NA,99.9965315070762,99.9995108294367,100,"sim"
"167",NA,NA,"Banfora","Permethrin",0.190076545877326,NA,NA,NA,99.9965758011553,99.9995359756373,100,"sim"
"168",NA,NA,"Banfora","Permethrin",0.192537058084104,NA,NA,NA,99.9966191543539,99.9995596823878,100,"sim"
"169",NA,NA,"Banfora","Permethrin",0.195013393520508,NA,NA,NA,99.9966615947734,99.9995826557958,100,"sim"
"170",NA,NA,"Banfora","Permethrin",0.197505552186537,NA,NA,NA,99.9967031494271,99.9996066900807,100,"sim"
"171",NA,NA,"Banfora","Permethrin",0.200013534082192,NA,NA,NA,99.9967438442918,99.9996251347679,100,"sim"
"172",NA,NA,"Banfora","Permethrin",0.202537339207473,NA,NA,NA,99.9967837043568,99.9996401588398,100,"sim"
"173",NA,NA,"Banfora","Permethrin",0.205076967562379,NA,NA,NA,99.9968227536697,99.9996517285939,100,"sim"
"174",NA,NA,"Banfora","Permethrin",0.207632419146911,NA,NA,NA,99.9968610153804,99.9996629627375,100,"sim"
"175",NA,NA,"Banfora","Permethrin",0.210203693961068,NA,NA,NA,99.996898511782,99.9996736545389,100,"sim"
"176",NA,NA,"Banfora","Permethrin",0.212790792004851,NA,NA,NA,99.99693526435,99.999690120944,100,"sim"
"177",NA,NA,"Banfora","Permethrin",0.21539371327826,NA,NA,NA,99.9969712937787,99.9997078727479,100,"sim"
"178",NA,NA,"Banfora","Permethrin",0.218012457781294,NA,NA,NA,99.997006620017,99.9997188394779,100,"sim"
"179",NA,NA,"Banfora","Permethrin",0.220647025513954,NA,NA,NA,99.9970412623006,99.9997276360192,100,"sim"
"180",NA,NA,"Banfora","Permethrin",0.223297416476239,NA,NA,NA,99.9970752391839,99.9997361072753,100,"sim"
"181",NA,NA,"Banfora","Permethrin",0.22596363066815,NA,NA,NA,99.9971085685693,99.9997442671046,100,"sim"
"182",NA,NA,"Banfora","Permethrin",0.228645668089686,NA,NA,NA,99.9971412677358,99.9997521286982,100,"sim"
"183",NA,NA,"Banfora","Permethrin",0.231343528740848,NA,NA,NA,99.9971733533655,99.9997597046155,100,"sim"
"184",NA,NA,"Banfora","Permethrin",0.234057212621636,NA,NA,NA,99.997204841569,99.9997670068178,100,"sim"
"185",NA,NA,"Banfora","Permethrin",0.236786719732049,NA,NA,NA,99.9972357479095,99.9997740467003,100,"sim"
"186",NA,NA,"Banfora","Permethrin",0.239532050072088,NA,NA,NA,99.997266087426,99.9997808351218,100,"sim"
"187",NA,NA,"Banfora","Permethrin",0.242293203641752,NA,NA,NA,99.9972958746543,99.9997873824328,100,"sim"
"188",NA,NA,"Banfora","Permethrin",0.245070180441042,NA,NA,NA,99.9973251236487,99.999793942023,100,"sim"
"189",NA,NA,"Banfora","Permethrin",0.247862980469958,NA,NA,NA,99.9973538480009,99.9998028595681,100,"sim"
"190",NA,NA,"Banfora","Permethrin",0.250671603728499,NA,NA,NA,99.9973820608591,99.9998084340211,100,"sim"
"191",NA,NA,"Banfora","Permethrin",0.253496050216666,NA,NA,NA,99.9974097749457,99.9998138209258,100,"sim"
"192",NA,NA,"Banfora","Permethrin",0.256336319934458,NA,NA,NA,99.9974370025744,99.9998190275876,100,"sim"
"193",NA,NA,"Banfora","Permethrin",0.259192412881876,NA,NA,NA,99.9974637556661,99.9998240609893,100,"sim"
"194",NA,NA,"Banfora","Permethrin",0.262064329058919,NA,NA,NA,99.9974900457648,99.9998289278065,100,"sim"
"195",NA,NA,"Banfora","Permethrin",0.264952068465588,NA,NA,NA,99.9975158840518,99.9998388292039,100,"sim"
"196",NA,NA,"Banfora","Permethrin",0.267855631101883,NA,NA,NA,99.9975412813599,99.9998444881735,100,"sim"
"197",NA,NA,"Banfora","Permethrin",0.270775016967803,NA,NA,NA,99.9975662481869,99.9998491995592,100,"sim"
"198",NA,NA,"Banfora","Permethrin",0.273710226063349,NA,NA,NA,99.9975907947082,99.9998537439155,100,"sim"
"199",NA,NA,"Banfora","Permethrin",0.27666125838852,NA,NA,NA,99.997614930789,99.9998582200448,100,"sim"
"200",NA,NA,"Banfora","Permethrin",0.279628113943317,NA,NA,NA,99.9976386659961,99.9998625449467,100,"sim"
"201",NA,NA,"Banfora","Permethrin",0.28261079272774,NA,NA,NA,99.9976620096087,99.999869688355,100,"sim"
"202",NA,NA,"Banfora","Permethrin",0.285609294741788,NA,NA,NA,99.9976849706294,99.999876521845,100,"sim"
"203",NA,NA,"Banfora","Permethrin",0.288623619985462,NA,NA,NA,99.997707557794,99.9998811190412,100,"sim"
"204",NA,NA,"Banfora","Permethrin",0.291653768458761,NA,NA,NA,99.9977297795815,99.9998844324647,100,"sim"
"205",NA,NA,"Banfora","Permethrin",0.294699740161686,NA,NA,NA,99.9977516442233,99.9998875999759,100,"sim"
"206",NA,NA,"Banfora","Permethrin",0.297761535094236,NA,NA,NA,99.9977731597119,99.9998906649599,100,"sim"
"207",NA,NA,"Banfora","Permethrin",0.300839153256413,NA,NA,NA,99.9977943338097,99.9998936312386,100,"sim"
"208",NA,NA,"Banfora","Permethrin",0.303932594648214,NA,NA,NA,99.9978151740571,99.9998965341702,100,"sim"
"209",NA,NA,"Banfora","Permethrin",0.307041859269641,NA,NA,NA,99.9978356877801,99.9998994953488,100,"sim"
"210",NA,NA,"Banfora","Permethrin",0.310166947120694,NA,NA,NA,99.997855882098,99.9999042400771,100,"sim"
"211",NA,NA,"Banfora","Permethrin",0.313307858201373,NA,NA,NA,99.9978757639305,99.9999070763663,100,"sim"
"212",NA,NA,"Banfora","Permethrin",0.316464592511677,NA,NA,NA,99.9978953400044,99.9999098150471,100,"sim"
"213",NA,NA,"Banfora","Permethrin",0.319637150051606,NA,NA,NA,99.9979146168607,99.9999124617732,100,"sim"
"214",NA,NA,"Banfora","Permethrin",0.322825530821161,NA,NA,NA,99.9979336008603,99.9999150346024,100,"sim"
"215",NA,NA,"Banfora","Permethrin",0.326029734820342,NA,NA,NA,99.9979522981905,99.9999175196267,100,"sim"
"216",NA,NA,"Banfora","Permethrin",0.329249762049148,NA,NA,NA,99.9979707148706,99.9999198516046,100,"sim"
"217",NA,NA,"Banfora","Permethrin",0.33248561250758,NA,NA,NA,99.9979888567575,99.9999217513753,100,"sim"
"218",NA,NA,"Banfora","Permethrin",0.335737286195638,NA,NA,NA,99.9980067295514,99.9999244812193,100,"sim"
"219",NA,NA,"Banfora","Permethrin",0.339004783113321,NA,NA,NA,99.9980243388005,99.9999266585323,100,"sim"
"220",NA,NA,"Banfora","Permethrin",0.342288103260629,NA,NA,NA,99.9980416899062,99.999929037052,100,"sim"
"221",NA,NA,"Banfora","Permethrin",0.345587246637564,NA,NA,NA,99.9980587881278,99.9999313156386,100,"sim"
"222",NA,NA,"Banfora","Permethrin",0.348902213244123,NA,NA,NA,99.9980756385873,99.9999335677239,100,"sim"
"223",NA,NA,"Banfora","Permethrin",0.352233003080309,NA,NA,NA,99.9980922462733,99.9999357358613,100,"sim"
"224",NA,NA,"Banfora","Permethrin",0.35557961614612,NA,NA,NA,99.9981086160458,99.9999378235519,100,"sim"
"225",NA,NA,"Banfora","Permethrin",0.358942052441556,NA,NA,NA,99.99812475264,99.9999398341354,100,"sim"
"226",NA,NA,"Banfora","Permethrin",0.362320311966619,NA,NA,NA,99.9981406606702,99.9999417739333,100,"sim"
"227",NA,NA,"Banfora","Permethrin",0.365714394721306,NA,NA,NA,99.9981563446336,99.9999436504886,100,"sim"
"228",NA,NA,"Banfora","Permethrin",0.36912430070562,NA,NA,NA,99.9981718089141,99.9999451852467,100,"sim"
"229",NA,NA,"Banfora","Permethrin",0.372550029919559,NA,NA,NA,99.9981870577855,99.999946430784,100,"sim"
"230",NA,NA,"Banfora","Permethrin",0.375991582363123,NA,NA,NA,99.9982020954152,99.9999480067498,100,"sim"
"231",NA,NA,"Banfora","Permethrin",0.379448958036313,NA,NA,NA,99.9982169258673,99.9999497337075,100,"sim"
"232",NA,NA,"Banfora","Permethrin",0.382922156939129,NA,NA,NA,99.9982315531057,99.9999510130997,100,"sim"
"233",NA,NA,"Banfora","Permethrin",0.38641117907157,NA,NA,NA,99.998245980997,99.9999522543317,100,"sim"
"234",NA,NA,"Banfora","Permethrin",0.389916024433637,NA,NA,NA,99.9982602133139,99.999953458707,100,"sim"
"235",NA,NA,"Banfora","Permethrin",0.393436693025329,NA,NA,NA,99.9982742537373,99.9999546274789,100,"sim"
"236",NA,NA,"Banfora","Permethrin",0.396973184846647,NA,NA,NA,99.9982881058597,99.9999557660536,100,"sim"
"237",NA,NA,"Banfora","Permethrin",0.400525499897591,NA,NA,NA,99.9983017731874,99.9999568722573,100,"sim"
"238",NA,NA,"Banfora","Permethrin",0.40409363817816,NA,NA,NA,99.998315259143,99.9999579460729,100,"sim"
"239",NA,NA,"Banfora","Permethrin",0.407677599688355,NA,NA,NA,99.9983285670682,99.9999589885856,100,"sim"
"240",NA,NA,"Banfora","Permethrin",0.411277384428175,NA,NA,NA,99.9983417002256,99.9999600008401,100,"sim"
"241",NA,NA,"Banfora","Permethrin",0.414892992397621,NA,NA,NA,99.9983546618016,99.9999609838415,100,"sim"
"242",NA,NA,"Banfora","Permethrin",0.418524423596692,NA,NA,NA,99.9983674549081,99.9999619385575,100,"sim"
"243",NA,NA,"Banfora","Permethrin",0.422171678025389,NA,NA,NA,99.9983800825848,99.9999628659197,100,"sim"
"244",NA,NA,"Banfora","Permethrin",0.425834755683712,NA,NA,NA,99.9983925478012,99.9999637220892,100,"sim"
"245",NA,NA,"Banfora","Permethrin",0.42951365657166,NA,NA,NA,99.9984048534587,99.999964552245,100,"sim"
"246",NA,NA,"Banfora","Permethrin",0.433208380689234,NA,NA,NA,99.9984170023925,99.9999653600198,100,"sim"
"247",NA,NA,"Banfora","Permethrin",0.436918928036434,NA,NA,NA,99.9984289973732,99.9999661461344,100,"sim"
"248",NA,NA,"Banfora","Permethrin",0.440645298613258,NA,NA,NA,99.9984408411088,99.9999669111782,100,"sim"
"249",NA,NA,"Banfora","Permethrin",0.444387492419709,NA,NA,NA,99.9984525362465,99.9999676558019,100,"sim"
"250",NA,NA,"Banfora","Permethrin",0.448145509455785,NA,NA,NA,99.9984640853741,99.9999683806334,100,"sim"
"251",NA,NA,"Banfora","Permethrin",0.451919349721487,NA,NA,NA,99.998475491022,99.999969101057,100,"sim"
"252",NA,NA,"Banfora","Permethrin",0.455709013216814,NA,NA,NA,99.9984867556644,99.9999697740267,100,"sim"
"253",NA,NA,"Banfora","Permethrin",0.459514499941767,NA,NA,NA,99.9984978817209,99.9999704806396,100,"sim"
"254",NA,NA,"Banfora","Permethrin",0.463335809896346,NA,NA,NA,99.9985088715581,99.9999712038336,100,"sim"
"255",NA,NA,"Banfora","Permethrin",0.46717294308055,NA,NA,NA,99.9985197274911,99.9999719618366,100,"sim"
"256",NA,NA,"Banfora","Permethrin",0.471025899494379,NA,NA,NA,99.9985304517844,99.999972706152,100,"sim"
"257",NA,NA,"Banfora","Permethrin",0.474894679137835,NA,NA,NA,99.9985410466538,99.9999734255998,100,"sim"
"258",NA,NA,"Banfora","Permethrin",0.478779282010915,NA,NA,NA,99.9985515142675,99.9999740340616,100,"sim"
"259",NA,NA,"Banfora","Permethrin",0.482679708113622,NA,NA,NA,99.998561856747,99.9999746262065,100,"sim"
"260",NA,NA,"Banfora","Permethrin",0.486595957445954,NA,NA,NA,99.9985720761688,99.9999752025357,100,"sim"
"261",NA,NA,"Banfora","Permethrin",0.490528030007911,NA,NA,NA,99.9985821745654,99.9999757635327,100,"sim"
"262",NA,NA,"Banfora","Permethrin",0.494475925799495,NA,NA,NA,99.9985921539263,99.9999763096648,100,"sim"
"263",NA,NA,"Banfora","Permethrin",0.498439644820703,NA,NA,NA,99.9986020161994,99.9999768402507,100,"sim"
"264",NA,NA,"Banfora","Permethrin",0.502419187071538,NA,NA,NA,99.9986117632916,99.9999773575622,100,"sim"
"265",NA,NA,"Banfora","Permethrin",0.506414552551998,NA,NA,NA,99.9986213970704,99.9999778610103,100,"sim"
"266",NA,NA,"Banfora","Permethrin",0.510425741262083,NA,NA,NA,99.9986309193645,99.9999783503592,100,"sim"
"267",NA,NA,"Banfora","Permethrin",0.514452753201794,NA,NA,NA,99.9986403319649,99.9999788270303,100,"sim"
"268",NA,NA,"Banfora","Permethrin",0.518495588371131,NA,NA,NA,99.998649636626,99.9999792913999,100,"sim"
"269",NA,NA,"Banfora","Permethrin",0.522554246770093,NA,NA,NA,99.998658835066,99.9999797438317,100,"sim"
"270",NA,NA,"Banfora","Permethrin",0.526628728398681,NA,NA,NA,99.9986679289686,99.9999801846773,100,"sim"
"271",NA,NA,"Banfora","Permethrin",0.530719033256894,NA,NA,NA,99.9986769199832,99.9999806142767,100,"sim"
"272",NA,NA,"Banfora","Permethrin",0.534825161344733,NA,NA,NA,99.9986858097259,99.9999810329585,100,"sim"
"273",NA,NA,"Banfora","Permethrin",0.538947112662198,NA,NA,NA,99.9986945997806,99.9999814410407,100,"sim"
"274",NA,NA,"Banfora","Permethrin",0.543084887209288,NA,NA,NA,99.9987032916994,99.9999818388307,100,"sim"
"275",NA,NA,"Banfora","Permethrin",0.547238484986004,NA,NA,NA,99.9987118870035,99.9999822266259,100,"sim"
"276",NA,NA,"Banfora","Permethrin",0.551407905992345,NA,NA,NA,99.9987203871842,99.9999825970584,100,"sim"
"277",NA,NA,"Banfora","Permethrin",0.555593150228312,NA,NA,NA,99.9987287937032,99.9999829579249,100,"sim"
"278",NA,NA,"Banfora","Permethrin",0.559794217693905,NA,NA,NA,99.9987371079937,99.9999833099905,100,"sim"
"279",NA,NA,"Banfora","Permethrin",0.564011108389123,NA,NA,NA,99.9987453314608,99.9999836535017,100,"sim"
"280",NA,NA,"Banfora","Permethrin",0.568243822313966,NA,NA,NA,99.9987534654822,99.9999839886974,100,"sim"
"281",NA,NA,"Banfora","Permethrin",0.572492359468436,NA,NA,NA,99.998761511409,99.9999843160124,100,"sim"
"282",NA,NA,"Banfora","Permethrin",0.576756719852531,NA,NA,NA,99.9987694705663,99.99998463869,100,"sim"
"283",NA,NA,"Banfora","Permethrin",0.581036903466251,NA,NA,NA,99.9987773442537,99.9999849535533,100,"sim"
"284",NA,NA,"Banfora","Permethrin",0.585332910309597,NA,NA,NA,99.9987851337459,99.99998526082,100,"sim"
"285",NA,NA,"Banfora","Permethrin",0.589644740382569,NA,NA,NA,99.9987928402934,99.9999855668843,100,"sim"
"286",NA,NA,"Banfora","Permethrin",0.593972393685166,NA,NA,NA,99.998800465123,99.9999859217545,100,"sim"
"287",NA,NA,"Banfora","Permethrin",0.598315870217389,NA,NA,NA,99.9988080094382,99.9999862098472,100,"sim"
"288",NA,NA,"Banfora","Permethrin",0.602675169979237,NA,NA,NA,99.9988154744201,99.9999864910305,100,"sim"
"289",NA,NA,"Banfora","Permethrin",0.607050292970711,NA,NA,NA,99.9988228612274,99.9999867654944,100,"sim"
"290",NA,NA,"Banfora","Permethrin",0.61144123919181,NA,NA,NA,99.9988301709975,99.9999870334228,100,"sim"
"291",NA,NA,"Banfora","Permethrin",0.615848008642536,NA,NA,NA,99.9988374048465,99.999987294994,100,"sim"
"292",NA,NA,"Banfora","Permethrin",0.620270601322886,NA,NA,NA,99.9988445638698,99.9999875503809,100,"sim"
"293",NA,NA,"Banfora","Permethrin",0.624709017232862,NA,NA,NA,99.9988516491428,99.9999877997509,100,"sim"
"294",NA,NA,"Banfora","Permethrin",0.629163256372464,NA,NA,NA,99.9988586617211,99.9999880432665,100,"sim"
"295",NA,NA,"Banfora","Permethrin",0.633633318741692,NA,NA,NA,99.9988656026408,99.9999882810852,100,"sim"
"296",NA,NA,"Banfora","Permethrin",0.638119204340545,NA,NA,NA,99.9988724729196,99.9999885133596,100,"sim"
"297",NA,NA,"Banfora","Permethrin",0.642620913169023,NA,NA,NA,99.9988792735564,99.9999887402379,100,"sim"
"298",NA,NA,"Banfora","Permethrin",0.647138445227127,NA,NA,NA,99.9988860055321,99.9999889442579,100,"sim"
"299",NA,NA,"Banfora","Permethrin",0.651671800514857,NA,NA,NA,99.9988926698101,99.9999891427844,100,"sim"
"300",NA,NA,"Banfora","Permethrin",0.656220979032213,NA,NA,NA,99.9988992673364,99.9999893370735,100,"sim"
"301",NA,NA,"Banfora","Permethrin",0.660785980779193,NA,NA,NA,99.9989057990402,99.9999895272299,100,"sim"
"302",NA,NA,"Banfora","Permethrin",0.6653668057558,NA,NA,NA,99.9989122658343,99.9999897133553,100,"sim"
"303",NA,NA,"Banfora","Permethrin",0.669963453962032,NA,NA,NA,99.9989186686152,99.9999898955489,100,"sim"
"304",NA,NA,"Banfora","Permethrin",0.67457592539789,NA,NA,NA,99.9989250082635,99.9999900739065,100,"sim"
"305",NA,NA,"Banfora","Permethrin",0.679204220063373,NA,NA,NA,99.9989312856446,99.9999902485218,100,"sim"
"306",NA,NA,"Banfora","Permethrin",0.683848337958482,NA,NA,NA,99.9989375016085,99.9999904308057,100,"sim"
"307",NA,NA,"Banfora","Permethrin",0.688508279083216,NA,NA,NA,99.9989436569905,99.9999906092218,100,"sim"
"308",NA,NA,"Banfora","Permethrin",0.693184043437576,NA,NA,NA,99.9989497526115,99.999990783724,100,"sim"
"309",NA,NA,"Banfora","Permethrin",0.697875631021562,NA,NA,NA,99.9989557892781,99.9999909544111,100,"sim"
"310",NA,NA,"Banfora","Permethrin",0.702583041835173,NA,NA,NA,99.9989617677829,99.9999911213787,100,"sim"
"311",NA,NA,"Banfora","Permethrin",0.70730627587841,NA,NA,NA,99.9989676889051,99.9999912847202,100,"sim"
"312",NA,NA,"Banfora","Permethrin",0.712045333151272,NA,NA,NA,99.9989735534105,99.9999914446069,100,"sim"
"313",NA,NA,"Banfora","Permethrin",0.71680021365376,NA,NA,NA,99.9989793620517,99.9999916024393,100,"sim"
"314",NA,NA,"Banfora","Permethrin",0.721570917385874,NA,NA,NA,99.9989851155687,99.9999917814982,100,"sim"
"315",NA,NA,"Banfora","Permethrin",0.726357444347613,NA,NA,NA,99.998990814689,99.9999919758345,100,"sim"
"316",NA,NA,"Banfora","Permethrin",0.731159794538978,NA,NA,NA,99.9989964601277,99.9999921649574,100,"sim"
"317",NA,NA,"Banfora","Permethrin",0.735977967959968,NA,NA,NA,99.9990020525881,99.9999923377382,100,"sim"
"318",NA,NA,"Banfora","Permethrin",0.740811964610584,NA,NA,NA,99.9990075927616,99.9999924787718,100,"sim"
"319",NA,NA,"Banfora","Permethrin",0.745661784490825,NA,NA,NA,99.999013081328,99.999992616762,100,"sim"
"320",NA,NA,"Banfora","Permethrin",0.750527427600692,NA,NA,NA,99.999018518956,99.999992751784,100,"sim"
"321",NA,NA,"Banfora","Permethrin",0.755408893940185,NA,NA,NA,99.9990239063031,99.999992883911,100,"sim"
"322",NA,NA,"Banfora","Permethrin",0.760306183509303,NA,NA,NA,99.9990292440161,99.9999930132142,100,"sim"
"323",NA,NA,"Banfora","Permethrin",0.765219296308047,NA,NA,NA,99.9990345327311,99.9999931397627,100,"sim"
"324",NA,NA,"Banfora","Permethrin",0.770148232336416,NA,NA,NA,99.9990397730737,99.9999932636238,100,"sim"
"325",NA,NA,"Banfora","Permethrin",0.775092991594411,NA,NA,NA,99.9990449656595,99.9999933848628,100,"sim"
"326",NA,NA,"Banfora","Permethrin",0.780053574082032,NA,NA,NA,99.9990501110939,99.9999935035435,100,"sim"
"327",NA,NA,"Banfora","Permethrin",0.785029979799278,NA,NA,NA,99.9990552099726,99.9999936197277,100,"sim"
"328",NA,NA,"Banfora","Permethrin",0.790022208746149,NA,NA,NA,99.9990602628817,99.9999937334755,100,"sim"
"329",NA,NA,"Banfora","Permethrin",0.795030260922647,NA,NA,NA,99.9990652703979,99.9999938448456,100,"sim"
"330",NA,NA,"Banfora","Permethrin",0.80005413632877,NA,NA,NA,99.9990702330886,99.999993953895,100,"sim"
"331",NA,NA,"Banfora","Permethrin",0.805093834964518,NA,NA,NA,99.9990751515122,99.9999940606789,100,"sim"
"332",NA,NA,"Banfora","Permethrin",0.810149356829892,NA,NA,NA,99.9990800262182,99.9999941652515,100,"sim"
"333",NA,NA,"Banfora","Permethrin",0.815220701924892,NA,NA,NA,99.9990848577472,99.9999942676651,100,"sim"
"334",NA,NA,"Banfora","Permethrin",0.820307870249517,NA,NA,NA,99.9990896466316,99.9999943679709,100,"sim"
"335",NA,NA,"Banfora","Permethrin",0.825410861803768,NA,NA,NA,99.9990943933953,99.9999944651833,100,"sim"
"336",NA,NA,"Banfora","Permethrin",0.830529676587644,NA,NA,NA,99.9990990985538,99.9999945594641,100,"sim"
"337",NA,NA,"Banfora","Permethrin",0.835664314601146,NA,NA,NA,99.9991037626148,99.9999946518558,100,"sim"
"338",NA,NA,"Banfora","Permethrin",0.840814775844273,NA,NA,NA,99.9991083860778,99.9999947424018,100,"sim"
"339",NA,NA,"Banfora","Permethrin",0.845981060317027,NA,NA,NA,99.9991129694349,99.9999948311445,100,"sim"
"340",NA,NA,"Banfora","Permethrin",0.851163168019405,NA,NA,NA,99.9991175131704,99.9999949181252,100,"sim"
"341",NA,NA,"Banfora","Permethrin",0.85636109895141,NA,NA,NA,99.9991220177609,99.9999950033841,100,"sim"
"342",NA,NA,"Banfora","Permethrin",0.861574853113039,NA,NA,NA,99.9991264836762,99.9999950869602,100,"sim"
"343",NA,NA,"Banfora","Permethrin",0.866804430504295,NA,NA,NA,99.9991309113785,99.999995168892,100,"sim"
"344",NA,NA,"Banfora","Permethrin",0.872049831125176,NA,NA,NA,99.9991353013229,99.9999952492163,100,"sim"
"345",NA,NA,"Banfora","Permethrin",0.877311054975683,NA,NA,NA,99.999139653958,99.9999953279696,100,"sim"
"346",NA,NA,"Banfora","Permethrin",0.882588102055815,NA,NA,NA,99.9991439697251,99.9999954051871,100,"sim"
"347",NA,NA,"Banfora","Permethrin",0.887880972365573,NA,NA,NA,99.9991482490592,99.9999954809032,100,"sim"
"348",NA,NA,"Banfora","Permethrin",0.893189665904956,NA,NA,NA,99.9991524923885,99.9999955551515,100,"sim"
"349",NA,NA,"Banfora","Permethrin",0.898514182673965,NA,NA,NA,99.9991567001349,99.9999956279647,100,"sim"
"350",NA,NA,"Banfora","Permethrin",0.903854522672599,NA,NA,NA,99.9991608727141,99.9999956993746,100,"sim"
"351",NA,NA,"Banfora","Permethrin",0.90921068590086,NA,NA,NA,99.9991650105353,99.9999957694124,100,"sim"
"352",NA,NA,"Banfora","Permethrin",0.914582672358745,NA,NA,NA,99.9991691140017,99.9999958381082,100,"sim"
"353",NA,NA,"Banfora","Permethrin",0.919970482046257,NA,NA,NA,99.9991731835108,99.9999959054917,100,"sim"
"354",NA,NA,"Banfora","Permethrin",0.925374114963394,NA,NA,NA,99.999177219454,99.9999959715917,100,"sim"
"355",NA,NA,"Banfora","Permethrin",0.930793571110156,NA,NA,NA,99.9991812222168,99.9999960364363,100,"sim"
"356",NA,NA,"Banfora","Permethrin",0.936228850486544,NA,NA,NA,99.9991851921794,99.9999961000529,100,"sim"
"357",NA,NA,"Banfora","Permethrin",0.941679953092558,NA,NA,NA,99.9991891297161,99.9999961624681,100,"sim"
"358",NA,NA,"Banfora","Permethrin",0.947146878928197,NA,NA,NA,99.9991930351959,99.9999962237081,100,"sim"
"359",NA,NA,"Banfora","Permethrin",0.952629627993462,NA,NA,NA,99.9991969089825,99.9999962842199,100,"sim"
"360",NA,NA,"Banfora","Permethrin",0.958128200288352,NA,NA,NA,99.9992007514342,99.9999963564487,100,"sim"
"361",NA,NA,"Banfora","Permethrin",0.963642595812868,NA,NA,NA,99.9992045629041,99.999996436273,100,"sim"
"362",NA,NA,"Banfora","Permethrin",0.96917281456701,NA,NA,NA,99.9992083437404,99.9999964936786,100,"sim"
"363",NA,NA,"Banfora","Permethrin",0.974718856550777,NA,NA,NA,99.9992120942862,99.9999965499997,100,"sim"
"364",NA,NA,"Banfora","Permethrin",0.980280721764169,NA,NA,NA,99.9992158148796,99.9999966052597,100,"sim"
"365",NA,NA,"Banfora","Permethrin",0.985858410207188,NA,NA,NA,99.999219505854,99.9999966594815,100,"sim"
"366",NA,NA,"Banfora","Permethrin",0.991451921879832,NA,NA,NA,99.9992231675379,99.9999967126876,100,"sim"
"367",NA,NA,"Banfora","Permethrin",0.997061256782101,NA,NA,NA,99.9992268002555,99.9999967648997,100,"sim"
"368",NA,NA,"Banfora","Permethrin",1.002686414914,NA,NA,NA,99.999230404326,99.9999968161391,100,"sim"
"369",NA,NA,"Banfora","Permethrin",1.00832739627552,NA,NA,NA,99.9992339800643,99.9999968664266,100,"sim"
"370",NA,NA,"Banfora","Permethrin",1.01398420086666,NA,NA,NA,99.9992375277809,99.9999969157825,100,"sim"
"371",NA,NA,"Banfora","Permethrin",1.01965682868743,NA,NA,NA,99.9992410477819,99.9999969642266,100,"sim"
"372",NA,NA,"Banfora","Permethrin",1.02534527973783,NA,NA,NA,99.9992445403691,99.9999970117782,100,"sim"
"373",NA,NA,"Banfora","Permethrin",1.03104955401786,NA,NA,NA,99.9992480058401,99.9999970584561,100,"sim"
"374",NA,NA,"Banfora","Permethrin",1.0367696515275,NA,NA,NA,99.9992514444886,99.9999971043455,100,"sim"
"375",NA,NA,"Banfora","Permethrin",1.04250557226678,NA,NA,NA,99.9992548566038,99.9999971500792,100,"sim"
"376",NA,NA,"Banfora","Permethrin",1.04825731623568,NA,NA,NA,99.9992582424713,99.9999972139621,100,"sim"
"377",NA,NA,"Banfora","Permethrin",1.0540248834342,NA,NA,NA,99.9992616023727,99.9999972837828,100,"sim"
"378",NA,NA,"Banfora","Permethrin",1.05980827386235,NA,NA,NA,99.9992649365855,99.9999973516755,100,"sim"
"379",NA,NA,"Banfora","Permethrin",1.06560748752013,NA,NA,NA,99.9992682453836,99.9999974176981,100,"sim"
"380",NA,NA,"Banfora","Permethrin",1.07142252440753,NA,NA,NA,99.9992715290372,99.9999974689313,100,"sim"
"381",NA,NA,"Banfora","Permethrin",1.07725338452456,NA,NA,NA,99.9992747878128,99.9999975045391,100,"sim"
"382",NA,NA,"Banfora","Permethrin",1.08310006787121,NA,NA,NA,99.9992780219732,99.9999975395515,100,"sim"
"383",NA,NA,"Banfora","Permethrin",1.08896257444749,NA,NA,NA,99.9992812317778,99.99999757398,100,"sim"
"384",NA,NA,"Banfora","Permethrin",1.0948409042534,NA,NA,NA,99.9992844174823,99.999997607836,100,"sim"
"385",NA,NA,"Banfora","Permethrin",1.10073505728893,NA,NA,NA,99.9992875793392,99.9999976411304,100,"sim"
"386",NA,NA,"Banfora","Permethrin",1.10664503355408,NA,NA,NA,99.9992907175974,99.999997673874,100,"sim"
"387",NA,NA,"Banfora","Permethrin",1.11257083304886,NA,NA,NA,99.9992938325027,99.9999977060774,100,"sim"
"388",NA,NA,"Banfora","Permethrin",1.11851245577327,NA,NA,NA,99.9992969242974,99.9999977377509,100,"sim"
"389",NA,NA,"Banfora","Permethrin",1.1244699017273,NA,NA,NA,99.9992999932208,99.9999977689045,100,"sim"
"390",NA,NA,"Banfora","Permethrin",1.13044317091096,NA,NA,NA,99.9993030395089,99.9999977995483,100,"sim"
"391",NA,NA,"Banfora","Permethrin",1.13643226332424,NA,NA,NA,99.9993060633946,99.9999978296918,100,"sim"
"392",NA,NA,"Banfora","Permethrin",1.14243717896715,NA,NA,NA,99.9993090651077,99.9999978593444,100,"sim"
"393",NA,NA,"Banfora","Permethrin",1.14845791783969,NA,NA,NA,99.9993120448752,99.9999978885155,100,"sim"
"394",NA,NA,"Banfora","Permethrin",1.15449447994185,NA,NA,NA,99.9993150029208,99.9999979172141,100,"sim"
"395",NA,NA,"Banfora","Permethrin",1.16054686527363,NA,NA,NA,99.9993179394656,99.999997945449,100,"sim"
"396",NA,NA,"Banfora","Permethrin",1.16661507383504,NA,NA,NA,99.9993208547276,99.999997973229,100,"sim"
"397",NA,NA,"Banfora","Permethrin",1.17269910562608,NA,NA,NA,99.999323748922,99.9999980005625,100,"sim"
"398",NA,NA,"Banfora","Permethrin",1.17879896064674,NA,NA,NA,99.9993266222614,99.9999980274578,100,"sim"
"399",NA,NA,"Banfora","Permethrin",1.18491463889703,NA,NA,NA,99.9993294749554,99.9999980539231,100,"sim"
"400",NA,NA,"Banfora","Permethrin",1.19104614037695,NA,NA,NA,99.9993323072111,99.9999980799663,100,"sim"
"401",NA,NA,"Banfora","Permethrin",1.19719346508649,NA,NA,NA,99.9993351192329,99.9999981055952,100,"sim"
"402",NA,NA,"Banfora","Permethrin",1.20335661302565,NA,NA,NA,99.9993379112225,99.9999981308174,100,"sim"
"403",NA,NA,"Banfora","Permethrin",1.20953558419444,NA,NA,NA,99.9993406833791,99.9999981556405,100,"sim"
"404",NA,NA,"Banfora","Permethrin",1.21573037859286,NA,NA,NA,99.9993434358994,99.9999981800717,100,"sim"
"405",NA,NA,"Banfora","Permethrin",1.2219409962209,NA,NA,NA,99.9993461689775,99.9999982041182,100,"sim"
"406",NA,NA,"Banfora","Permethrin",1.22816743707857,NA,NA,NA,99.9993488828052,99.999998227787,100,"sim"
"407",NA,NA,"Banfora","Permethrin",1.23440970116586,NA,NA,NA,99.9993515775717,99.999998251085,100,"sim"
"408",NA,NA,"Banfora","Permethrin",1.24066778848278,NA,NA,NA,99.999354253464,99.9999982740189,100,"sim"
"409",NA,NA,"Banfora","Permethrin",1.24694169902932,NA,NA,NA,99.9993569106665,99.9999982965953,100,"sim"
"410",NA,NA,"Banfora","Permethrin",1.25323143280549,NA,NA,NA,99.9993595493617,99.9999983188207,100,"sim"
"411",NA,NA,"Banfora","Permethrin",1.25953698981129,NA,NA,NA,99.9993621697294,99.9999983407013,100,"sim"
"412",NA,NA,"Banfora","Permethrin",1.26585837004671,NA,NA,NA,99.9993647719474,99.9999983622434,100,"sim"
"413",NA,NA,"Banfora","Permethrin",1.27219557351175,NA,NA,NA,99.9993673561912,99.999998383453,100,"sim"
"414",NA,NA,"Banfora","Permethrin",1.27854860020642,NA,NA,NA,99.9993699226343,99.9999984043361,100,"sim"
"415",NA,NA,"Banfora","Permethrin",1.28491745013072,NA,NA,NA,99.9993724714478,99.9999984260041,100,"sim"
"416",NA,NA,"Banfora","Permethrin",1.29130212328465,NA,NA,NA,99.9993750028008,99.9999984479556,100,"sim"
"417",NA,NA,"Banfora","Permethrin",1.29770261966819,NA,NA,NA,99.9993775168605,99.9999984695478,100,"sim"
"418",NA,NA,"Banfora","Permethrin",1.30411893928137,NA,NA,NA,99.9993800137918,99.9999984907874,100,"sim"
"419",NA,NA,"Banfora","Permethrin",1.31055108212417,NA,NA,NA,99.9993824937577,99.999998511681,100,"sim"
"420",NA,NA,"Banfora","Permethrin",1.31699904819659,NA,NA,NA,99.9993849569192,99.9999985322352,100,"sim"
"421",NA,NA,"Banfora","Permethrin",1.32346283749864,NA,NA,NA,99.9993874034354,99.9999985524561,100,"sim"
"422",NA,NA,"Banfora","Permethrin",1.32994245003032,NA,NA,NA,99.9993898334634,99.99999857235,100,"sim"
"423",NA,NA,"Banfora","Permethrin",1.33643788579162,NA,NA,NA,99.9993922471584,99.9999985919231,100,"sim"
"424",NA,NA,"Banfora","Permethrin",1.34294914478255,NA,NA,NA,99.9993946446737,99.9999986111811,100,"sim"
"425",NA,NA,"Banfora","Permethrin",1.3494762270031,NA,NA,NA,99.999397026161,99.99999863013,100,"sim"
"426",NA,NA,"Banfora","Permethrin",1.35601913245328,NA,NA,NA,99.9993993917698,99.9999986487754,100,"sim"
"427",NA,NA,"Banfora","Permethrin",1.36257786113309,NA,NA,NA,99.9994017416482,99.9999986671229,100,"sim"
"428",NA,NA,"Banfora","Permethrin",1.36915241304252,NA,NA,NA,99.9994040759422,99.999998685178,100,"sim"
"429",NA,NA,"Banfora","Permethrin",1.37574278818157,NA,NA,NA,99.9994063947962,99.999998702946,100,"sim"
"430",NA,NA,"Banfora","Permethrin",1.38234898655025,NA,NA,NA,99.9994086983531,99.9999987204321,100,"sim"
"431",NA,NA,"Banfora","Permethrin",1.38897100814856,NA,NA,NA,99.9994109867536,99.9999987376416,100,"sim"
"432",NA,NA,"Banfora","Permethrin",1.39560885297649,NA,NA,NA,99.9994132601374,99.9999987545793,100,"sim"
"433",NA,NA,"Banfora","Permethrin",1.40226252103405,NA,NA,NA,99.9994155186419,99.9999987712503,100,"sim"
"434",NA,NA,"Banfora","Permethrin",1.40893201232124,NA,NA,NA,99.9994177624034,99.9999987876593,100,"sim"
"435",NA,NA,"Banfora","Permethrin",1.41561732683804,NA,NA,NA,99.9994199915563,99.9999988038111,100,"sim"
"436",NA,NA,"Banfora","Permethrin",1.42231846458448,NA,NA,NA,99.9994222062335,99.9999988197103,100,"sim"
"437",NA,NA,"Banfora","Permethrin",1.42903542556054,NA,NA,NA,99.9994244065665,99.9999988353614,100,"sim"
"438",NA,NA,"Banfora","Permethrin",1.43576820976623,NA,NA,NA,99.9994265926851,99.9999988507688,100,"sim"
"439",NA,NA,"Banfora","Permethrin",1.44251681720154,NA,NA,NA,99.9994287647176,99.999998865937,100,"sim"
"440",NA,NA,"Banfora","Permethrin",1.44928124786647,NA,NA,NA,99.9994309227909,99.9999988808702,100,"sim"
"441",NA,NA,"Banfora","Permethrin",1.45606150176104,NA,NA,NA,99.9994330670304,99.9999988955726,100,"sim"
"442",NA,NA,"Banfora","Permethrin",1.46285757888522,NA,NA,NA,99.9994351975601,99.9999989100482,100,"sim"
"443",NA,NA,"Banfora","Permethrin",1.46966947923904,NA,NA,NA,99.9994373145025,99.9999989233787,100,"sim"
"444",NA,NA,"Banfora","Permethrin",1.47649720282248,NA,NA,NA,99.9994394179788,99.9999989359598,100,"sim"
"445",NA,NA,"Banfora","Permethrin",1.48334074963554,NA,NA,NA,99.9994415081087,99.9999989483654,100,"sim"
"446",NA,NA,"Banfora","Permethrin",1.49020011967823,NA,NA,NA,99.9994435850106,99.9999989605982,100,"sim"
"447",NA,NA,"Banfora","Permethrin",1.49707531295055,NA,NA,NA,99.9994456488016,99.9999989726761,100,"sim"
"448",NA,NA,"Banfora","Permethrin",1.50396632945249,NA,NA,NA,99.9994476995974,99.9999989846326,100,"sim"
"449",NA,NA,"Banfora","Permethrin",1.51087316918406,NA,NA,NA,99.9994497375123,99.9999989964366,100,"sim"
"450",NA,NA,"Banfora","Permethrin",1.51779583214525,NA,NA,NA,99.9994517626596,99.9999990080766,100,"sim"
"451",NA,NA,"Banfora","Permethrin",1.52473431833607,NA,NA,NA,99.9994537751511,99.9999990195552,100,"sim"
"452",NA,NA,"Banfora","Permethrin",1.53168862775651,NA,NA,NA,99.9994557750973,99.9999990308751,100,"sim"
"453",NA,NA,"Banfora","Permethrin",1.53865876040658,NA,NA,NA,99.9994577626077,99.9999990420388,100,"sim"
"454",NA,NA,"Banfora","Permethrin",1.54564471628628,NA,NA,NA,99.9994597377904,99.9999990530488,100,"sim"
"455",NA,NA,"Banfora","Permethrin",1.5526464953956,NA,NA,NA,99.9994617007523,99.9999990639077,100,"sim"
"456",NA,NA,"Banfora","Permethrin",1.55966409773455,NA,NA,NA,99.9994636515992,99.9999990746176,100,"sim"
"457",NA,NA,"Banfora","Permethrin",1.56669752330312,NA,NA,NA,99.9994655904356,99.9999990865239,100,"sim"
"458",NA,NA,"Banfora","Permethrin",1.57374677210132,NA,NA,NA,99.9994675173651,99.9999990996054,100,"sim"
"459",NA,NA,"Banfora","Permethrin",1.58081184412914,NA,NA,NA,99.9994694324898,99.9999991124707,100,"sim"
"460",NA,NA,"Banfora","Permethrin",1.58789273938659,NA,NA,NA,99.9994713359109,99.9999991251238,100,"sim"
"461",NA,NA,"Banfora","Permethrin",1.59498945787366,NA,NA,NA,99.9994732277286,99.9999991375687,100,"sim"
"462",NA,NA,"Banfora","Permethrin",1.60210199959036,NA,NA,NA,99.9994751080416,99.9999991498094,100,"sim"
"463",NA,NA,"Banfora","Permethrin",1.60923036453669,NA,NA,NA,99.9994769769479,99.9999991618494,100,"sim"
"464",NA,NA,"Banfora","Permethrin",1.61637455271264,NA,NA,NA,99.9994788345444,99.9999991736927,100,"sim"
"465",NA,NA,"Banfora","Permethrin",1.62353456411822,NA,NA,NA,99.9994806809267,99.9999991853429,100,"sim"
"466",NA,NA,"Banfora","Permethrin",1.63071039875342,NA,NA,NA,99.9994825161896,99.9999991968034,100,"sim"
"467",NA,NA,"Banfora","Permethrin",1.63790205661825,NA,NA,NA,99.9994843404267,99.9999992080779,100,"sim"
"468",NA,NA,"Banfora","Permethrin",1.6451095377127,NA,NA,NA,99.9994861537309,99.9999992189734,100,"sim"
"469",NA,NA,"Banfora","Permethrin",1.65233284203678,NA,NA,NA,99.9994879561936,99.9999992286023,100,"sim"
"470",NA,NA,"Banfora","Permethrin",1.65957196959048,NA,NA,NA,99.9994897479057,99.9999992380917,100,"sim"
"471",NA,NA,"Banfora","Permethrin",1.66682692037381,NA,NA,NA,99.9994915289569,99.9999992474442,100,"sim"
"472",NA,NA,"Banfora","Permethrin",1.67409769438677,NA,NA,NA,99.9994932994358,99.9999992566617,100,"sim"
"473",NA,NA,"Banfora","Permethrin",1.68138429162935,NA,NA,NA,99.9994950594305,99.9999992657467,100,"sim"
"474",NA,NA,"Banfora","Permethrin",1.68868671210156,NA,NA,NA,99.9994968090277,99.9999992747013,100,"sim"
"475",NA,NA,"Banfora","Permethrin",1.69600495580339,NA,NA,NA,99.9994985483134,99.999999283546,100,"sim"
"476",NA,NA,"Banfora","Permethrin",1.70333902273485,NA,NA,NA,99.9995002773726,99.9999992922656,100,"sim"
"477",NA,NA,"Banfora","Permethrin",1.71068891289593,NA,NA,NA,99.9995019962896,99.9999993008605,100,"sim"
"478",NA,NA,"Banfora","Permethrin",1.71805462628664,NA,NA,NA,99.9995037051475,99.999999309333,100,"sim"
"479",NA,NA,"Banfora","Permethrin",1.72543616290698,NA,NA,NA,99.9995054040289,99.999999317685,100,"sim"
"480",NA,NA,"Banfora","Permethrin",1.73283352275694,NA,NA,NA,99.9995070930151,99.9999993259184,100,"sim"
"481",NA,NA,"Banfora","Permethrin",1.74024670583652,NA,NA,NA,99.9995087721869,99.9999993340352,100,"sim"
"482",NA,NA,"Banfora","Permethrin",1.74767571214573,NA,NA,NA,99.9995104416242,99.9999993420495,100,"sim"
"483",NA,NA,"Banfora","Permethrin",1.75512054168457,NA,NA,NA,99.9995121014058,99.9999993499539,100,"sim"
"484",NA,NA,"Banfora","Permethrin",1.76258119445303,NA,NA,NA,99.9995137516101,99.9999993577468,100,"sim"
"485",NA,NA,"Banfora","Permethrin",1.77005767045112,NA,NA,NA,99.9995153923143,99.9999993654302,100,"sim"
"486",NA,NA,"Banfora","Permethrin",1.77754996967884,NA,NA,NA,99.9995170235951,99.9999993730057,100,"sim"
"487",NA,NA,"Banfora","Permethrin",1.78505809213618,NA,NA,NA,99.9995186455282,99.999999380475,100,"sim"
"488",NA,NA,"Banfora","Permethrin",1.79258203782314,NA,NA,NA,99.9995202581886,99.99999938784,100,"sim"
"489",NA,NA,"Banfora","Permethrin",1.80012180673973,NA,NA,NA,99.9995218616505,99.9999993951022,100,"sim"
"490",NA,NA,"Banfora","Permethrin",1.80767739888595,NA,NA,NA,99.9995234559874,99.9999994022633,100,"sim"
"491",NA,NA,"Banfora","Permethrin",1.81524881426179,NA,NA,NA,99.9995250412721,99.9999994093249,100,"sim"
"492",NA,NA,"Banfora","Permethrin",1.82283605286726,NA,NA,NA,99.9995266175764,99.9999994162886,100,"sim"
"493",NA,NA,"Banfora","Permethrin",1.83043911470235,NA,NA,NA,99.9995281849717,99.999999423156,100,"sim"
"494",NA,NA,"Banfora","Permethrin",1.83805799976707,NA,NA,NA,99.9995297435284,99.9999994299286,100,"sim"
"495",NA,NA,"Banfora","Permethrin",1.84569270806141,NA,NA,NA,99.9995312933164,99.9999994366078,100,"sim"
"496",NA,NA,"Banfora","Permethrin",1.85334323958538,NA,NA,NA,99.9995328344046,99.9999994431952,100,"sim"
"497",NA,NA,"Banfora","Permethrin",1.86100959433898,NA,NA,NA,99.9995343668616,99.9999994496922,100,"sim"
"498",NA,NA,"Banfora","Permethrin",1.8686917723222,NA,NA,NA,99.999535890755,99.9999994561003,100,"sim"
"499",NA,NA,"Banfora","Permethrin",1.87638977353505,NA,NA,NA,99.9995374061519,99.9999994624208,100,"sim"
"500",NA,NA,"Banfora","Permethrin",1.88410359797752,NA,NA,NA,99.9995389131186,99.9999994686551,100,"sim"
"501",NA,NA,"Banfora","Permethrin",1.89183324564962,NA,NA,NA,99.9995404117208,99.9999994748046,100,"sim"
"502",NA,NA,"Banfora","Permethrin",1.89957871655134,NA,NA,NA,99.9995419020236,99.9999994808705,100,"sim"
"503",NA,NA,"Banfora","Permethrin",1.90734001068269,NA,NA,NA,99.9995433840912,99.9999994868543,100,"sim"
"504",NA,NA,"Banfora","Permethrin",1.91511712804366,NA,NA,NA,99.9995448579875,99.999999492757,100,"sim"
"505",NA,NA,"Banfora","Permethrin",1.92291006863426,NA,NA,NA,99.9995463237756,99.9999994985801,100,"sim"
"506",NA,NA,"Banfora","Permethrin",1.93071883245449,NA,NA,NA,99.9995477815179,99.9999995043248,100,"sim"
"507",NA,NA,"Banfora","Permethrin",1.93854341950434,NA,NA,NA,99.9995492312764,99.9999995099922,100,"sim"
"508",NA,NA,"Banfora","Permethrin",1.94638382978382,NA,NA,NA,99.9995506731123,99.9999995155836,100,"sim"
"509",NA,NA,"Banfora","Permethrin",1.95424006329292,NA,NA,NA,99.9995521070862,99.9999995211001,100,"sim"
"510",NA,NA,"Banfora","Permethrin",1.96211212003165,NA,NA,NA,99.9995535332583,99.9999995265428,100,"sim"
"511",NA,NA,"Banfora","Permethrin",1.97,NA,NA,NA,99.9995549516879,99.999999531913,100,"sim"
